{
    "robberyTimer": 10,
    "defaultDimension": 0,
    "maxATMCashHack": 10000,
    "storeType1Time": 60,
    "storeType2Time": 120,
    "storeCashPerSecond": 200,
    "Jobs": {
        "0": {"name":"Hacker", "description":"Hack stuff, hack the city", "badge": 4},
        "1": {"name":"Reseller", "description":"Sell people's car, and get money for it!"}
    },
    "Customs": {
      "0": {
        "Position": {"x": -361.2722,"y": -133.021697,"z": 38.27},
        "Rotation": {"x": 0,"y": 0,"z": 65.77}
      },
      "1": {
        "Position": {"x": 717.7,"y": -1088.61,"z": 21.919},
        "Rotation": {"x": 0,"y": 0,"z": 91.38}
      },
      "2": {
        "Position": {"x": -1142.63,"y": -1987.82,"z": 12.746},
        "Rotation": {"x": 0,"y": 0,"z": 313.75}
      }
    },
    "Arrests": {
      "0": {
        "Position": {"x": 468.992,"y": -1023.63,"z": 28.21397}
      },
      "1": {
        "Position": {"x": 400.94,"y": -1631.61,"z": 28.904}
      },
      "2": {
        "Position": {"x": -1114.49,"y": -849.848,"z": 13.449}
      }
    },
    "CarShop": {
      "Boat": {
        "Position": {
          "x": -729,
          "y": -1361,
          "z": 0.05,
          "rz": 136
        },
        "Marker": {
          "x": -815.93,
          "y": -1346.3,
          "z": 5.15
        },
        "Park": {
          "0":{"x":-725.33,"y":-1325.299,"z":0.11,"rz":228.29},
          "1":{"x":-727.42,"y":-1329.044,"z":0.11,"rz":230.54},
          "2":{"x":-729.79,"y":-1333.469,"z":0.11,"rz":230.29},
          "3":{"x":-731.4,"y":-1332.34,"z":0.11,"rz":228.29},
          "4":{"x":-734.63,"y":-1334.34,"z":0.11,"rz":228.29},
          "5":{"x":-738.73,"y":-1342.34,"z":0.11,"rz":228.29}
        },
        "Blip": 427,
        "Class": [ 14 ],
        "Name": "Boat Shop"
      },
      "CarPoor": {
        "Position": {
          "x": -44.94,
          "y": -1114.59,
          "z": 26.017,
          "rz": -122.56
        },
        "Marker": {
          "x": -38.86,
          "y": -1109.9,
          "z": 26.43
        },
        "Park": {
          "0": {"x":-61.97,"y":-1117.08,"z":26.0147, "rz": 1.30},
          "1": {"x":-59.161,"y":-1116.92,"z":26.016,"rz":1.85}
        },
        "Blip": 225,
        "Name": "Low Budget Car Shop",
        "Class": [3,1,2,4]
      },
      "Helicopter": {
        "Position": {
          "x": -733.88,
          "y": -1457.3,
          "z": 6.345,
          "rz": -48.8759
        },
        "Marker": {
          "x": -701.14587,
          "y": -1418.4813,
          "z": 5.00
        },
        "Park": {
          "0": {"x":-722.856,"y":-1442.1547,"z":6.359, "rz": 136.354766},
          "1": {"x":-744.63,"y":-1468.3011,"z":6.34,"rz":141.220}
        },
        "Blip": 43,
        "Name": "Helicopter Shop",
        "Class": [15]
      }
    }
  }