{
    "robberyTimer": 10, 
    "defaultDimension": 0,
    "maxATMCashHack": 10000,
    "storeType1Time": 60,
    "storeType2Time": 120,
    "storeCashPerSecond": 200,
    "Customs": {
        "0": {
            "Position": {
                "x": -361.2722,
                "y": -133.021697,
                "z": 38.27
            },
            "Rotation": {
                "x": 0,
                "y": 0,
                "z": 65.77
            }
        },
        "1": {
            "Position": {
                "x": 717.7,
                "y": -1088.61,
                "z": 21.919
            },
            "Rotation": {
                "x": 0,
                "y": 0,
                "z": 91.38
            }
        },
        "2": {
            "Position": {
                "x": -1142.63,
                "y": -1987.82,
                "z": 12.746
            },
            "Rotation": {
                "x": 0,
                "y": 0,
                "z": 313.75
            }
        }
    },
    "Arrests": {
        "0": {
            "Position": {
                "x": 468.992 , 
                "y": -1023.63, 
                "z": 28.21397
            }
        },
        "1": {
            "Position": {
                "x": 400.94 , 
                "y": -1631.61, 
                "z": 28.904
            }
        },
        "2": {
            "Position": {
                "x": -1114.49 , 
                "y": -849.848, 
                "z": 13.449
            }
        }
    },
    "CarShop": {
        "Boat": {
            "Position": {
                "x": 394.95,
                "y": -1156.186,
                "z": 28.8733,
                "rz": 303.9
            },
            "Marker": {
                "x": 396.9,
                "y": -1156.18,
                "z": 28.87
            }
        },
        "CarPoor": {
            "Position": {
                "x": -44.94,
                "y": -1114.59,
                "z": 26.017,
                "rz": 122.56
            },
            "Marker": {
                "x": -38.86,
                "y": -1109.9,
                "z": 26.43
            }
        }
    }
}