{"0":{"position":{"x":-25.1807861328125,"y":35.08990478515625,"z":71.44039154052734},"heading":69.79598999023438},"1":{"position":{"x":16.786828994750977,"y":5.4034223556518555,"z":69.57569122314453},"heading":252.82225036621094},"2":{"position":{"x":61.056617736816406,"y":18.437864303588867,"z":69.00980377197266},"heading":158.0404052734375},"3":{"position":{"x":54.00576400756836,"y":72.1445083618164,"z":75.57109069824219},"heading":339.2742919921875},"4":{"position":{"x":3.711653232574463,"y":-73.75053405761719,"z":60.24116897583008},"heading":248.21978759765625},"5":{"position":{"x":294.4514465332031,"y":-233.17884826660156,"z":53.300777435302734},"heading":192.69125366210938},"6":{"position":{"x":103.55548858642578,"y":-130.31031799316406,"z":54.26611328125},"heading":161.982666015625},"7":{"position":{"x":85.97747039794922,"y":-212.6067352294922,"z":54.0997200012207},"heading":159.6368408203125},"8":{"position":{"x":79.37785339355469,"y":-199.0737762451172,"z":54.09895706176758},"heading":250.55511474609375},"9":{"position":{"x":272.610107421875,"y":-165.3712921142578,"z":59.91067886352539},"heading":250.74415588378906},"10":{"position":{"x":360.3313293457031,"y":68.49858856201172,"z":97.24188232421875},"heading":73.6719970703125},"11":{"position":{"x":292.4250793457031,"y":176.5032501220703,"z":103.5516586303711},"heading":64.51153564453125},"12":{"position":{"x":333.39483642578125,"y":161.26210021972656,"z":102.70903778076172},"heading":68.61370849609375},"13":{"position":{"x":227.5497283935547,"y":200.00631713867188,"z":104.75288391113281},"heading":69.16827392578125},"14":{"position":{"x":233.82928466796875,"y":253.4193115234375,"z":104.8486328125},"heading":336.5208435058594},"15":{"position":{"x":160.60736083984375,"y":-31.27642250061035,"z":67.08161163330078},"heading":186.06723022460938},"16":{"position":{"x":224.48043823242188,"y":-38.396671295166016,"z":68.9616470336914},"heading":161.82269287109375},"17":{"position":{"x":218.46018981933594,"y":-36.20883560180664,"z":68.92762756347656},"heading":162.4534912109375},"18":{"position":{"x":319.0450134277344,"y":-110.5263900756836,"z":67.7468490600586},"heading":245.79135131835938},"19":{"position":{"x":431.00506591796875,"y":-101.3025131225586,"z":66.8972396850586},"heading":328.4202575683594},"20":{"position":{"x":491.3997802734375,"y":103.796630859375,"z":95.97413635253906},"heading":70.27877807617188},"21":{"position":{"x":453.4255676269531,"y":117.84925842285156,"z":98.3150863647461},"heading":68.96099853515625},"22":{"position":{"x":474.447265625,"y":254.0663299560547,"z":102.4984130859375},"heading":250.68511962890625},"23":{"position":{"x":455.8934020996094,"y":253.33705139160156,"z":102.49858093261719},"heading":246.0416259765625},"24":{"position":{"x":464.95068359375,"y":230.95999145507812,"z":102.49901580810547},"heading":249.30712890625},"25":{"position":{"x":442.80450439453125,"y":249.21372985839844,"z":102.49945831298828},"heading":249.60928344726562},"26":{"position":{"x":430.68255615234375,"y":263.977294921875,"z":102.4988021850586},"heading":249.8560791015625},"27":{"position":{"x":391.0591735839844,"y":290.0604248046875,"z":102.2838134765625},"heading":347.4530944824219},"28":{"position":{"x":359.0014343261719,"y":286.2379455566406,"z":102.76814270019531},"heading":70.09371948242188},"29":{"position":{"x":327.4894104003906,"y":342.32855224609375,"z":104.4908676147461},"heading":164.94207763671875},"30":{"position":{"x":241.4566192626953,"y":327.7314147949219,"z":104.79739379882812},"heading":180.09022521972656},"31":{"position":{"x":214.63661193847656,"y":388.60321044921875,"z":106.1004638671875},"heading":351.9488830566406},"32":{"position":{"x":193.814697265625,"y":390.62530517578125,"z":107.22740173339844},"heading":170.36407470703125},"33":{"position":{"x":112.36800384521484,"y":339.8096923828125,"z":111.53428649902344},"heading":293.47198486328125},"34":{"position":{"x":35.39712142944336,"y":286.1986389160156,"z":108.97705841064453},"heading":157.3558349609375},"35":{"position":{"x":53.69017028808594,"y":235.58416748046875,"z":108.68643188476562},"heading":248.6636962890625},"36":{"position":{"x":176.7989044189453,"y":218.33929443359375,"z":105.175048828125},"heading":256.0295104980469},"37":{"position":{"x":-95.64996337890625,"y":265.7237243652344,"z":98.21156311035156},"heading":95.41513061523438},"38":{"position":{"x":-114.9268798828125,"y":216.14573669433594,"z":93.83385467529297},"heading":178.90704345703125},"39":{"position":{"x":-228.4744873046875,"y":289.71173095703125,"z":91.34960174560547},"heading":51.910614013671875},"40":{"position":{"x":-218.49392700195312,"y":281.776611328125,"z":91.66386413574219},"heading":157.47039794921875},"41":{"position":{"x":-204.35462951660156,"y":288.0870361328125,"z":92.28558349609375},"heading":89.28652954101562},"42":{"position":{"x":-296.6534118652344,"y":270.0784606933594,"z":87.66036224365234},"heading":99.30191040039062},"43":{"position":{"x":-415.8454895019531,"y":298.393310546875,"z":82.51962280273438},"heading":172.2657470703125},"44":{"position":{"x":-431.7944030761719,"y":210.56581115722656,"z":79.75106048583984},"heading":181.474609375},"45":{"position":{"x":-500.6429138183594,"y":271.0113830566406,"z":82.45903778076172},"heading":81.1497802734375},"46":{"position":{"x":-546.4259643554688,"y":204.46243286132812,"z":75.93225860595703},"heading":175.4755859375},"47":{"position":{"x":-586.825439453125,"y":137.51625061035156,"z":60.2879753112793},"heading":31.624847412109375},"48":{"position":{"x":-595.671142578125,"y":136.3866729736328,"z":59.5421142578125},"heading":203.93301391601562},"49":{"position":{"x":-746.5216674804688,"y":-30.71779441833496,"z":36.974239349365234},"heading":115.60760498046875},"50":{"position":{"x":-759.3826293945312,"y":-36.67066955566406,"z":36.97671890258789},"heading":117.01620483398438},"51":{"position":{"x":-89.3963394165039,"y":92.45156860351562,"z":71.86125946044922},"heading":331.7364196777344},"52":{"position":{"x":-103.63015747070312,"y":87.98369598388672,"z":71.17113494873047},"heading":328.66717529296875},"53":{"position":{"x":-289.2484130859375,"y":105.03358459472656,"z":68.01911926269531},"heading":170.574462890625},"54":{"position":{"x":-311.5677490234375,"y":113.2798843383789,"z":67.21893310546875},"heading":29.46563720703125},"55":{"position":{"x":-418.5965576171875,"y":146.51649475097656,"z":64.82699584960938},"heading":349.8044738769531},"56":{"position":{"x":-516.934814453125,"y":136.71609497070312,"z":62.75156784057617},"heading":87.69000244140625},"57":{"position":{"x":-557.0906372070312,"y":44.404258728027344,"z":46.261985778808594},"heading":171.8702392578125},"58":{"position":{"x":-438.1042785644531,"y":-11.94005012512207,"z":45.622650146484375},"heading":266.137939453125},"59":{"position":{"x":-392.7117919921875,"y":-119.25750732421875,"z":38.236289978027344},"heading":299.8215026855469},"60":{"position":{"x":-385.8980712890625,"y":-130.7417755126953,"z":38.32997512817383},"heading":120.22967529296875}}