{"0":{"position":{"x":-25.1807861328125,"y":35.08990478515625,"z":71.44039154052734},"heading":69.79598999023438},"1":{"position":{"x":16.786828994750977,"y":5.4034223556518555,"z":69.57569122314453},"heading":252.82225036621094},"2":{"position":{"x":61.056617736816406,"y":18.437864303588867,"z":69.00980377197266},"heading":158.0404052734375},"3":{"position":{"x":54.00576400756836,"y":72.1445083618164,"z":75.57109069824219},"heading":339.2742919921875},"4":{"position":{"x":3.711653232574463,"y":-73.75053405761719,"z":60.24116897583008},"heading":248.21978759765625},"5":{"position":{"x":294.4514465332031,"y":-233.17884826660156,"z":53.300777435302734},"heading":192.69125366210938},"6":{"position":{"x":103.55548858642578,"y":-130.31031799316406,"z":54.26611328125},"heading":161.982666015625},"7":{"position":{"x":85.97747039794922,"y":-212.6067352294922,"z":54.0997200012207},"heading":159.6368408203125},"8":{"position":{"x":79.37785339355469,"y":-199.0737762451172,"z":54.09895706176758},"heading":250.55511474609375},"9":{"position":{"x":272.610107421875,"y":-165.3712921142578,"z":59.91067886352539},"heading":250.74415588378906},"10":{"position":{"x":360.3313293457031,"y":68.49858856201172,"z":97.24188232421875},"heading":73.6719970703125},"11":{"position":{"x":292.4250793457031,"y":176.5032501220703,"z":103.5516586303711},"heading":64.51153564453125},"12":{"position":{"x":333.39483642578125,"y":161.26210021972656,"z":102.70903778076172},"heading":68.61370849609375},"13":{"position":{"x":227.5497283935547,"y":200.00631713867188,"z":104.75288391113281},"heading":69.16827392578125},"14":{"position":{"x":233.82928466796875,"y":253.4193115234375,"z":104.8486328125},"heading":336.5208435058594}}